finding_uid,artifact_id,tool,finding_id,severity_raw,file,line,package,version,security_label,code_purpose,execution_context,required_conditions_for_exploit,input_controlled_by_attacker,reachable_in_artifact_execution,evidence_snippet,reasoning,recommendation,finding_cost_usd,finding_prompt_tokens,finding_completion_tokens
CVE-2025-68664_SAFE,SAFE,trivy,CVE-2025-68664,CRITICAL,,,langchain-core,0.2.39,FALSE_POSITIVE,The repository is a Python-based contextual security auditing tool that uses a single LLM agent to analyze findings from static analysis tools.,"The system is executed locally by a researcher and processes findings from CSV files, interacting with external LLM services.","The vulnerability would require the 'langchain-core' package to be imported and used in the code, which is not the case here.","no + The 'langchain-core' package is not used in the repository, so there is no input related to this package.","no + Since 'langchain-core' is not imported, the vulnerability is not reachable during execution.",Package 'langchain-core' is NOT imported anywhere in the repository.,"1. The flagged dependency 'langchain-core' is not imported in the repository. 2. Without the package being used, the vulnerability cannot manifest. 3. The repository's purpose is to analyze security findings, not to use 'langchain-core'. 4. The execution context does not involve 'langchain-core', making the vulnerability unreachable. 5. No input related to 'langchain-core' is present, thus not attacker-controlled. 6. The finding is a false positive as the package is not used.",N/A,0.00958,2560,318
CVE-2025-65106_SAFE,SAFE,trivy,CVE-2025-65106,HIGH,,,langchain-core,0.2.39,FALSE_POSITIVE,The repository is a Python-based contextual security auditing tool that uses a single LLM agent to analyze findings from static analysis tools.,"The system processes findings from CSV files and interacts with external LLM services, requiring configuration through a YAML file.","The vulnerability would require the 'langchain-core' package to be used in the code, which it is not.","no + The 'langchain-core' package is not used in the repository, so there is no input related to it.","no + The 'langchain-core' package is not imported or used, making the vulnerability unreachable.",Package 'langchain-core' is NOT imported anywhere in the repository.,"1. The flagged package 'langchain-core' is not imported or used in the repository. 2. Without its presence, the vulnerability cannot manifest. 3. The repository's purpose is to analyze findings from static analysis tools, not to use 'langchain-core'. 4. The execution context involves processing CSV files and interacting with LLM services, unrelated to 'langchain-core'. 5. No evidence of 'langchain-core' usage means no attacker-controlled input related to it. 6. The vulnerability is not reachable as the package is absent. 7. The security impact is nullified by the absence of the package. 8. Conclusion is based on the absence of 'langchain-core' in the repository.",N/A,0.009955,2562,355
CVE-2026-34070_SAFE,SAFE,trivy,CVE-2026-34070,HIGH,,,langchain-core,0.2.39,FALSE_POSITIVE,The repository is a Python-based contextual security auditing tool that uses a single LLM agent to analyze findings from static analysis tools.,"The system processes findings from CSV files and interacts with external LLM services, requiring configuration through a YAML file.","The vulnerability would require the 'langchain-core' package to be used in the code, specifically the legacy load_prompt functions.","no + The 'langchain-core' package is not used in the repository, so no input related to this package is processed.","no + The package is not imported or used, making the vulnerability unreachable.",Package 'langchain-core' is NOT imported anywhere in the repository.,"1. The flagged dependency 'langchain-core' is not imported or used in the repository. 2. Without the package being used, the specific vulnerability cannot be present. 3. The repository's purpose is to analyze findings from static analysis tools, not to use 'langchain-core'. 4. The execution context involves processing CSV files and interacting with LLM services, unrelated to 'langchain-core'. 5. No evidence of the package being used means no attacker-controlled input related to it. 6. The vulnerability is not reachable as the package is not part of the codebase. 7. The security impact is non-existent in this context as the package is not used. 8. Conclusion is based on the absence of the package in the codebase.",N/A,0.010008,2559,361
CVE-2024-10940_SAFE,SAFE,trivy,CVE-2024-10940,MEDIUM,,,langchain-core,0.2.39,FALSE_POSITIVE,The repository is a Python-based contextual security auditing tool that uses a single LLM agent to analyze findings from static analysis tools.,"The system is executed locally by a researcher and processes findings from CSV files, interacting with external LLM services.","The vulnerability would require the 'langchain-core' package to be used within the repository, which it is not.","no + justification grounded in observed code: The repository does not import or use the 'langchain-core' package, hence no input related to this package is processed.","no + justification grounded in observed code: Since 'langchain-core' is not used in the repository, the vulnerability is not reachable during execution.",Package 'langchain-core' is NOT imported anywhere in the repository.,"1. The flagged dependency 'langchain-core' is not imported or used in the repository. 2. Without the package being used, the specific vulnerability cannot manifest. 3. The repository's purpose and execution context do not involve 'langchain-core'. 4. No evidence of the package being used means no attacker-controlled input related to it. 5. The vulnerability is not reachable as the package is absent. 6. The finding is a false positive as the condition is absent in the code.",N/A,0.009673,2565,326
CVE-2026-40087_SAFE,SAFE,trivy,CVE-2026-40087,MEDIUM,,,langchain-core,0.2.39,FALSE_POSITIVE,The repository is a Python-based contextual security auditing tool that uses a single LLM agent to analyze findings from static analysis tools.,"The system is executed via CLI and processes findings from CSV files, interacting with external LLM services.","The vulnerability would require the 'langchain-core' package to be used in the repository, which it is not.","no + The 'langchain-core' package is not used in the repository, so there is no input related to it.","no + The 'langchain-core' package is not imported or used, making the vulnerability unreachable.",Package 'langchain-core' is NOT imported anywhere in the repository.,"1. The flagged dependency 'langchain-core' is not imported or used in the repository. 2. Without usage, the incomplete f-string validation vulnerability cannot manifest. 3. The repository's purpose is to analyze findings from static analysis tools, not to use 'langchain-core'. 4. The execution context involves processing CSV files and interacting with LLM services, unrelated to 'langchain-core'. 5. No evidence of 'langchain-core' usage means no attacker-controlled input related to it. 6. The vulnerability is not reachable as the package is not used. 7. The security impact is nullified by the absence of the package. 8. Conclusion is based on the absence of 'langchain-core' in the repository.",N/A,0.00996,2556,357
CVE-2026-26013_SAFE,SAFE,trivy,CVE-2026-26013,LOW,,,langchain-core,0.2.39,FALSE_POSITIVE,The repository is designed as a contextual security auditing tool using LLMs to analyze findings from static analysis tools.,"The tool is executed locally by researchers, processing findings from CSV files and interacting with external LLM services.",The vulnerability would require the 'langchain-core' package to be used and the specific vulnerable function to be invoked with attacker-controlled input.,"no + justification grounded in observed code: The 'langchain-core' package is not used anywhere in the repository, so no input to it can be attacker-controlled.","no + justification grounded in observed code: Since the package is not imported, the vulnerable function is not reachable from any entrypoint.",Package 'langchain-core' is NOT imported anywhere in the repository.,"1. The flagged package 'langchain-core' is not imported in the repository, indicating the vulnerability is not present. 2. Without the package being used, the specific SSRF vulnerability cannot be exploited. 3. The repository's purpose and execution context do not involve the flagged package, confirming the finding as a false positive.",N/A,0.00928,2564,287
GHSA-r7w7-9xr2-qq2r_SAFE,SAFE,trivy,GHSA-r7w7-9xr2-qq2r,LOW,,,langchain-openai,0.1.22,FALSE_POSITIVE,The repository is a Python-based contextual security auditing tool that uses a single LLM agent to analyze findings from static analysis tools.,"The system is executed locally by a researcher and processes findings from CSV files, interacting with external LLM services.","The vulnerability would require the 'langchain-openai' package to be used within the codebase, which it is not.","no + The package 'langchain-openai' is not used in the repository, so there is no input related to this package that could be controlled by an attacker.","no + Since the package is not imported or used, it cannot be reached during execution.",Package 'langchain-openai' is NOT imported anywhere in the repository.,"1. The flagged package 'langchain-openai' is not imported or used in the repository. 2. Without its presence, the specific SSRF protection bypass vulnerability cannot exist in this codebase. 3. The repository's purpose is to analyze findings from static analysis tools, not to utilize the 'langchain-openai' package. 4. The execution context is local and does not involve this package. 5. No input related to this package is present, hence no attacker control. 6. The package is not reachable in execution as it is not used. 7. The finding is a false positive as the package is absent. 8. Conclusion is based on the absence of the package in the codebase.",N/A,0.010085,2574,365
CVE-2026-28277_SAFE,SAFE,trivy,CVE-2026-28277,MEDIUM,,,langgraph,0.2.35,CONTEXTUAL_RISK,The code is part of a contextual security auditing tool that uses a language model agent to analyze findings from static analysis tools.,"The system is executed locally by a researcher, processing findings from a CSV file and interacting with external LLM services.",The exploit would require the deserialization of a maliciously crafted msgpack object through the 'create_react_agent' function.,"uncertain + justification grounded in observed code: The input to 'create_react_agent' is controlled by the researcher, but the exact nature of the data being deserialized is not clear from the available code.","yes + justification grounded in observed code: The 'create_react_agent' function is called within the 'SecurityAuditorAgent' class, which is instantiated in the 'main' function, an entrypoint of the system.","185 | self.repo_agent = create_react_agent(self.llm, UNDERSTANDING_TOOLS)
186 | self.analysis_agent = create_react_agent(self.llm, ANALYSIS_TOOLS)","① The flagged pattern is the use of 'create_react_agent' from 'langgraph', which may involve unsafe msgpack deserialization. ② The code does import and use 'create_react_agent'. ③ This function is used to create agents for repository understanding and analysis. ④ The function is reachable from the 'main' entrypoint. ⑤ Inputs originate from the researcher-controlled configuration and CSV files. ⑥ The input is not attacker-controlled based on the current evidence. ⑦ The risk is plausible if the deserialization is unsafe and inputs are not properly sanitized. ⑧ The conclusion is based on observed evidence from the repository.",Review the 'create_react_agent' implementation for unsafe deserialization practices and ensure inputs are sanitized before deserialization.,0.017118,5123,431
